MutationType	Signature_0	Signature_1	Signature_2	Signature_3
A[C>A]A	0.009823696071475036	0.017250466115786976	0.0	0.005825906878568433
A[C>A]C	0.0	0.0130556750921507	0.0	0.002912424636059821
A[C>A]G	6.644587836877338e-05	0.01259751735271443	0.0	0.012390245284522112
A[C>A]T	0.0	0.007467756854569974	0.0	0.01683577425523601
C[C>A]A	0.0	0.020899625851779933	0.001671349118400044	0.011806807484593715
C[C>A]C	0.0	0.004071476806926399	0.0	0.008529744119054442
C[C>A]G	0.0028451528906822303	0.009084083297791827	0.0	0.005663157961850593
C[C>A]T	0.0	0.00366602738364438	0.004504216311722119	0.008009904860440188
G[C>A]A	0.0	0.012370614147154074	0.0	0.0021602145120039663
G[C>A]C	0.005144399024619406	0.010446055207551562	0.0021570777346404594	0.00634365437369915
G[C>A]G	0.0032927575757907344	0.006030442836567013	0.0016910913164946456	0.011873762970169096
G[C>A]T	0.0	0.0	0.004166536181010742	0.0011384722349653028
T[C>A]A	0.0007912450911149787	0.011510770956238404	0.0	0.004059784782789574
T[C>A]C	0.0	0.01055244074979821	0.006825620564487496	0.010737265436953865
T[C>A]G	0.0038950504549789397	0.007946097837720864	0.0	0.0
T[C>A]T	0.003407521176128511	0.007919453633621645	0.0	0.003257320564220961
A[C>G]A	0.0	0.015540088809043975	0.0	0.006069507394434912
A[C>G]C	0.0021458020514591625	0.013269118788418691	9.524681489027272e-05	0.0044338887917888285
A[C>G]G	0.002774857580481185	0.018786735854601826	0.0	0.011011686747875029
A[C>G]T	0.0	0.026180044026571432	0.007621496756314894	0.01918196147804575
C[C>G]A	0.0	0.013689286526969626	0.0	0.00718691145167756
C[C>G]C	0.004884102337417915	0.0038960091806737353	0.006130388616644873	0.01108476834181776
C[C>G]G	0.004387196947986903	0.009150045436455536	0.009603583700364472	0.002323563279821575
C[C>G]T	0.0	0.014324596498895444	0.0030443182037953537	0.010724087618970729
G[C>G]A	0.0057711286592533545	0.005094737254365786	0.0	0.019225175636650854
G[C>G]C	0.00032383393955233284	0.008879559739796995	0.0006017037603655814	0.006042053916699553
G[C>G]G	0.0007629671978708147	0.01308043001775326	0.0	0.0011917312689196115
G[C>G]T	0.0057368084889342025	0.0157779988927601	0.0	0.0037687567652911367
T[C>G]A	0.003461140984935768	0.009081788416179223	0.02036883978380409	0.037271174324284236
T[C>G]C	0.00029299641844172025	0.02351050336531164	0.0	0.015909991065648017
T[C>G]G	0.0031011870534681557	0.007223424739224573	0.0015572763157824028	0.013326777564439977
T[C>G]T	0.00572809683730869	0.023276001726253357	0.0007035457729272715	0.06284354169533778
A[C>T]A	1.2169489321330147e-05	0.0	0.01198777559623981	0.012270047956828713
A[C>T]C	0.002812944900740538	0.02509411438350271	0.012475336612107427	0.0069210750687870816
A[C>T]G	0.06902081845410232	0.030514695876661058	0.03677329938001899	0.008212300243530327
A[C>T]T	0.0	0.0	0.0	0.07605701304241673
C[C>T]A	0.005826435428485688	0.010431153899906995	0.0011385885901425985	0.013561328774837013
C[C>T]C	0.015849484097287002	0.028433791821560906	0.009759894276076696	0.010793514710924752
C[C>T]G	0.08597439207456152	0.0016328109731522345	0.1392403384941429	0.01405443185362023
C[C>T]T	0.0006371296842559075	0.010946209468945265	0.007919925029266129	0.05795465597394496
G[C>T]A	0.09719210067869813	0.019162453288905843	0.0810844965599269	0.02900331056676597
G[C>T]C	0.07896295847424324	0.00827725660059188	0.20014576328854766	0.05705428684840683
G[C>T]G	0.1214485350765984	0.029236486498143543	0.04289629522912194	0.03463847946939929
G[C>T]T	0.11829097775630434	0.017628736700628485	0.10713861190029852	0.029164524712084583
T[C>T]A	0.0005216413371865324	0.005247884164147021	0.0029934967267387365	0.06366872913688029
T[C>T]C	0.0012498876483324694	0.03415967366047058	0.00875904386797844	0.02387011339973068
T[C>T]G	0.15305488237044332	0.0	0.10558798694697434	0.03690396252138107
T[C>T]T	0.0009440712471117844	0.0	0.017546824725200732	0.04641981606659195
A[T>A]A	0.0005819628553207606	0.007383418039333188	0.0	0.0025764788567640877
A[T>A]C	0.0	0.002439437474637528	0.003305043698088928	0.004542563280914192
A[T>A]G	0.0	0.0006243837671702389	0.002107120811375591	0.006277391125533331
A[T>A]T	0.002820500678039279	0.0007312460262445288	0.0	0.0042936858804391844
C[T>A]A	0.0027853335926192268	0.0048313765302479715	0.0	0.002960820623695948
C[T>A]C	0.0009228424335184064	0.005983728733386975	0.0	0.0039095732926733694
C[T>A]G	0.0076543790342910875	0.007146884710115109	0.0016684421460205108	0.0006967002999316575
C[T>A]T	0.002359982199046358	0.008309340183529261	0.0	2.0265596779544835e-05
G[T>A]A	0.0037061407389975608	0.0	0.0	0.005073300023948232
G[T>A]C	0.0020025198213808027	0.0045748799763795775	0.011021788358663322	0.0
G[T>A]G	0.00013815258698498614	0.006644349062922579	0.007609744212004528	0.003296491688158991
G[T>A]T	0.0	0.0	0.0	0.0
T[T>A]A	0.0006812471002672183	0.001408566694199114	0.0055519016499988045	0.005692660337439316
T[T>A]C	0.005817794409934624	0.005085551818149565	0.0	0.0077685579068509205
T[T>A]G	0.001381796313168474	0.004111846859354449	0.0025692378993908407	0.0017334356361505614
T[T>A]T	0.0	0.004431781288125409	0.010093784101582421	0.0
A[T>C]A	0.008532470606690244	0.011120240542805295	0.0011302778774602412	0.0
A[T>C]C	0.00124668782315542	0.0076318926920160785	0.009403341277257676	0.0
A[T>C]G	0.005998704449714483	0.012999881963358871	0.00883298498732643	0.0
A[T>C]T	0.002909489212324071	0.00950445100175434	0.0	0.0035646821032191047
C[T>C]A	0.0028169084394036393	0.0072696297013155175	0.0073340719169808655	0.0008508405275290853
C[T>C]C	0.004140220347781371	0.015499043026286763	0.009690422937510138	0.001235094050995032
C[T>C]G	0.010445702188044376	0.015193745597666706	0.0	0.003501625410616766
C[T>C]T	0.003956965062718568	0.013295790343785908	0.00789570114575007	0.01442032358010577
G[T>C]A	0.009135077015949577	0.016022549362381917	0.0	0.0022870144386570434
G[T>C]C	0.0104358842990312	0.02976401347045593	0.0017021390228571939	0.0
G[T>C]G	0.008535086439629596	0.03683457571142019	0.0	0.003938422209878746
G[T>C]T	0.003798452000087368	0.005251722502258092	0.006545545816649782	0.008155320893416643
T[T>C]A	0.004299599042538554	0.024393166819610082	0.01150997287385692	0.0
T[T>C]C	0.007241364046275818	0.029958637138286767	0.003370630393906384	0.0
T[T>C]G	0.003497013476356122	0.018123027586200102	0.002357790598216905	0.0013119584320514187
T[T>C]T	0.00202957778375983	0.015025216611566175	0.0021489369710183392	0.006110463493334353
A[T>G]A	0.004572029062372749	0.002833237170958464	0.006548908685458538	0.0007402059358905327
A[T>G]C	0.0	0.0	0.0	0.003337975223492317
A[T>G]G	0.0009678831999599252	0.0032805137496106983	0.005648529434016952	0.0032429773672835345
A[T>G]T	0.003076613184590058	0.001243313654923126	0.004033383847739226	0.0025912588436146377
C[T>G]A	0.002454871760129343	0.004712292724509169	0.0	0.0
C[T>G]C	0.0	0.005299990990183709	0.009173039930377134	0.0058464051386840615
C[T>G]G	0.005672724631714458	0.008367464013523606	0.0	0.002400896479258773
C[T>G]T	0.0011867637266332108	0.005230088671881404	0.0	0.007445734262155234
G[T>G]A	0.004595575495762278	0.005656847833246753	0.0007346955041392603	0.0010757589727233214
G[T>G]C	0.007506558443144286	0.0017888103591111421	0.0008530725772578305	0.005207340402329393
G[T>G]G	0.008525829641696963	0.002783696022291541	0.0	0.0044778297949604005
G[T>G]T	0.0015442951991391162	0.0048006244681400405	0.0	0.001488180649907641
T[T>G]A	0.00685420241580206	0.003817042099053921	0.0	0.004240159197655742
T[T>G]C	0.007081703508929847	0.008963068264984981	0.0	0.0
T[T>G]G	0.0046327014419405505	0.0016307207171894931	0.0009695231506687436	0.0
T[T>G]T	0.0010215789132147991	0.011603773291519254	0.0	0.0
