,Signature 1,Signature 2,Signature 3
A[C>A]A,2.0081812062866295,2.0361747352532236,1.430610008433355
A[C>A]C,0.4760370042351359,1.1531133601447006,0.9919333309228587
A[C>A]G,0.6216449803280603,0.04032915778147964,0.8436519792399694
A[C>A]T,0.4151704695674311,1.4404006835412329,1.5064725185198264
C[C>A]A,1.2072048281665755,0.8116090769829089,1.9169062795946685
C[C>A]C,0.5897086179551211,0.0,2.118403125926938
C[C>A]G,0.0935345256672202,0.0,0.5191639443921243
C[C>A]T,0.21045124743425964,0.9441558468393172,1.7112983375803363
G[C>A]A,1.4181188385536578,0.6789118303429943,1.7264442801167117
G[C>A]C,0.3756629784408044,0.9555300923293264,0.9671313994751934
G[C>A]G,0.2559247153442336,0.0,0.4445034066122996
G[C>A]T,1.0189277905406124,0.4430423924426321,0.9445793764994103
T[C>A]A,0.7936249240045292,1.871892633391834,1.909030060841486
T[C>A]C,0.9271578695555303,0.4666432135843302,1.357635455833545
T[C>A]G,0.4686397140560445,0.24558769179643475,0.07567586193206036
T[C>A]T,2.617780874343176,1.7591020956745487,1.1788858491816634
A[C>G]A,0.4663876832612135,0.0,1.3897128648102781
A[C>G]C,0.4288562470431554,0.7700078821453467,0.45144388210569814
A[C>G]G,0.24830507131022986,0.37421763544479375,0.09166967341201844
A[C>G]T,0.0,0.9497931758563611,1.161719648559091
C[C>G]A,0.0,0.034285390274380066,0.46844190614860803
C[C>G]C,0.15765989895012222,0.0,1.0905850494113298
C[C>G]G,0.1251181531725423,0.14750439865851114,0.35883034687288295
C[C>G]T,0.5721115600210461,0.556875971716618,1.2582083564953095
G[C>G]A,0.022982600052544103,0.23051151947878012,0.44093360128487513
G[C>G]C,0.04088196552790625,0.4216802253114919,0.8384236980610047
G[C>G]G,0.0,0.1776565784464027,0.26651339629789816
G[C>G]T,0.0652364912060631,0.6623361285371384,0.5872295165262876
T[C>G]A,0.16959454819809114,0.7789960814462443,0.8700122707137001
T[C>G]C,0.358345918193258,0.0,1.319475202441246
T[C>G]G,0.0,0.09223088993500607,0.28626006502338275
T[C>G]T,0.6144173481242645,1.3003147299669486,1.9176831477270404
A[C>T]A,2.302329244035135,3.5112855156972387,2.4742669236526504
A[C>T]C,1.0566805814673874,2.276722525134976,2.066169800975747
A[C>T]G,17.380733731715036,14.57806950484929,0.0
A[C>T]T,3.2757316281369873,0.287622173056183,1.2380100109992023
C[C>T]A,1.0493000014344445,0.7988643580056048,2.778786969068296
C[C>T]C,1.5340370091913786,1.533146863210286,2.5698047774765143
C[C>T]G,8.998057838883362,5.077474249725438,1.2920813043389794
C[C>T]T,0.6400754139677645,2.206938585294884,4.837596204156234
G[C>T]A,1.5021511819152842,1.2373187780169739,2.1539145969653064
G[C>T]C,2.9874757249997974,0.0,2.173178751848335
G[C>T]G,13.37712143266194,0.8736294662983183,0.283096658620223
G[C>T]T,2.8138658563731918,0.3862062149681609,2.477006346509012
T[C>T]A,0.0,2.2511832483204137,2.522213997356977
T[C>T]C,1.7641103480371065,2.1460404024742936,2.932353799476193
T[C>T]G,5.39375795600151,7.070387710845382,0.1159291290444719
T[C>T]T,2.6617612485987148,0.0,3.005020728239349
A[T>A]A,0.19220330042979678,0.8845700499629338,1.1942723031942395
A[T>A]C,0.4375083278234975,0.21292988044340466,0.9200300702165661
A[T>A]G,0.9117653227383226,0.0,2.5179933973850326
A[T>A]T,0.5483939323567689,1.596727849697195,0.7942339609326897
C[T>A]A,0.0,0.1935196395577107,0.6261695799867044
C[T>A]C,0.274777842856435,0.5792982199334583,0.35016185638856834
C[T>A]G,0.0,0.4454224204067252,1.1769279564684945
C[T>A]T,0.13857490147089127,0.8800865321799979,0.5375306650345946
G[T>A]A,0.0,0.1100531104119188,0.532709553012755
G[T>A]C,0.6833947005084602,0.20874815027498897,0.09064992263718549
G[T>A]G,0.05627238361380546,0.0,1.0321585678160545
G[T>A]T,0.32662610306666645,0.0,0.512234915804841
T[T>A]A,0.31145455844003245,1.1895600808865852,1.395459702640967
T[T>A]C,0.29088573890614466,0.29514929501398784,0.20796361793006413
T[T>A]G,0.0,0.862966005112591,0.5143408955146993
T[T>A]T,0.4062512666422858,0.14435009384815584,1.5654957451029106
A[T>C]A,1.6847746360081695,1.131914025588489,4.956045748841028
A[T>C]C,0.9173036185179332,0.6446515294769446,1.9110698375232724
A[T>C]G,1.0663005469900826,1.2843119165307855,4.015822836334738
A[T>C]T,2.0792616492866944,0.976363932102679,3.620956279149463
C[T>C]A,0.6262879153695845,0.6215546213132446,1.5409869951456079
C[T>C]C,0.4909032754321188,0.5756144747057803,0.7020680118718328
C[T>C]G,0.0,0.6404206301428861,1.6966986783970723
C[T>C]T,0.40967454320608865,1.0900700195747999,0.7680092607252023
G[T>C]A,0.7879228614528434,1.2268216787511659,1.5226535436006643
G[T>C]C,0.49763225015093826,0.0,0.51274348462883
G[T>C]G,0.43649040525269656,0.8676924055112887,1.1583574274595814
G[T>C]T,0.34172931968162645,1.7199577060319562,0.9697966378105976
T[T>C]A,0.9369730610261361,0.7069994714202057,1.6481223060878007
T[T>C]C,0.4246649255850347,0.663778118809276,1.1442906783639037
T[T>C]G,0.736417859913873,0.3020364473922268,1.434163311206242
T[T>C]T,1.0727816930799867,1.6564593910158523,1.3291257110279218
A[T>G]A,0.11438790552370778,0.4338502514179874,0.6917121363758636
A[T>G]C,0.05542999520377543,0.0,0.5816181321996663
A[T>G]G,0.5113736000257149,0.0,0.6179360814150483
A[T>G]T,0.0,0.17352169332310025,0.8285757637398197
C[T>G]A,0.03769867604234619,0.15088771008302668,0.3240969071475635
C[T>G]C,0.0,0.0,1.292070552872853
C[T>G]G,0.22901181094185383,0.0,0.5397910930995287
C[T>G]T,0.2368085119405102,0.5058929958637719,0.593226229522184
G[T>G]A,0.19658676324674626,0.1371195969291744,0.14270951683609714
G[T>G]C,0.12583716371777828,0.05743098497015085,0.3239832185873515
G[T>G]G,0.08073929323512961,0.16817898541384962,0.2894981763216751
G[T>G]T,0.07994437393897086,0.8081675445285273,0.36696510937263344
T[T>G]A,0.02978884252812822,0.27931437271240117,0.8010581693037802
T[T>G]C,0.013525167747693169,0.672387066003582,0.9699636983726081
T[T>G]G,0.11031324568051255,0.3887405957463228,0.5528935996725742
T[T>G]T,0.3272450304880722,1.2466986599753904,1.798170729480259
