,Signature 1,Signature 2,Signature 3,Signature 4
A[C>A]A,0.25976893137893176,0.0,0.855340378084048,2.3249272087204194
A[C>A]C,0.0,0.0,1.6221621946716898,0.0
A[C>A]G,0.0,0.19680692751666484,1.2664299157263936,0.0
A[C>A]T,0.0,0.38363377773398977,1.3025530844531397,0.0
C[C>A]A,0.0,0.0,0.0,3.9762572382054286
C[C>A]C,0.0,0.4974306589947875,1.5049126087126328,2.540387223984714
C[C>A]G,0.0,0.2876793589248184,0.0,0.04960261458678112
C[C>A]T,0.0,0.7583537254905097,0.3220054703238834,0.0
G[C>A]A,0.0,0.6923959402996532,0.0,0.2646150347565315
G[C>A]C,0.26234780677073216,0.6989184012705093,0.5827655069722472,1.6427427157090886
G[C>A]G,0.0,0.7826961976891803,0.0,1.9565800027294664
G[C>A]T,0.5224518354819675,0.0,1.2237137655674881,0.0
T[C>A]A,5.970520510757897,0.6990407999045053,1.7539389327078898,1.2402654285822508
T[C>A]C,1.4877713736827636,0.12731124518290315,0.6583921270076769,2.077408082276021
T[C>A]G,0.00992652636503864,0.5145013012330163,0.0,2.1947704111169304
T[C>A]T,2.832303938865586,0.4099435171888821,1.065251650597538,2.0514302902199124
A[C>G]A,0.8102860758912133,0.0166596797740576,0.8238350214574941,1.397557806080396
A[C>G]C,0.0,0.164063963130412,0.745099406469641,1.9561788732197298
A[C>G]G,0.0,0.0,1.1278318155698879,1.4715713141894275
A[C>G]T,0.0,0.0,1.1645199066517582,1.9427364501209654
C[C>G]A,0.022638054964388817,0.23715716787218039,0.0,0.0
C[C>G]C,0.004276590302364859,0.1690158063965762,0.09457695317890029,0.0
C[C>G]G,0.0,0.0,0.2902756533167273,2.0761979035962153
C[C>G]T,0.5349631294702307,0.2845339567812292,1.2957932026996268,0.0
G[C>G]A,0.0046902443258379466,0.2857604727544284,0.0,0.09139185881218945
G[C>G]C,0.0,0.0,1.6599584310328113,0.04726204204034664
G[C>G]G,0.0029945475815599054,0.0048075204177396086,0.012017157155219026,0.012595504154787125
G[C>G]T,0.0,0.0,0.0,3.7566300641460963
T[C>G]A,15.896787468984323,0.0,2.096950533062124,0.10989215425829622
T[C>G]C,5.759222491966834,0.09534103161822269,0.14342538390814602,0.3011142434375505
T[C>G]G,0.8745756421183926,0.0,0.28771384242004444,4.193487421997951
T[C>G]T,24.64101543077711,0.247960371941698,1.5977356571727401,0.0
A[C>T]A,0.5642413129630209,0.2496994062914368,0.78070176250521,0.0
A[C>T]C,0.24926261281162987,0.714256263257872,0.8159877370733624,0.0
A[C>T]G,1.3290754104658555,2.106840670558467,4.129298168374814,1.164179466375922
A[C>T]T,0.256488332111586,0.07283505427070658,1.7770427851115622,0.23163683335502183
C[C>T]A,1.7025630890297243,0.8479833238434749,0.22930436149537875,0.0
C[C>T]C,0.6087524863615897,0.7203301453560694,0.39010532569442075,0.0
C[C>T]G,1.0728938673794495,0.7713294361555956,4.033384597297344,3.5182215142773865
C[C>T]T,0.2869497813778327,0.7966987561559221,0.7251420472414616,0.0051972692802496
G[C>T]A,0.2617307926278142,0.8859806572372148,1.1307948916333612,1.4738577353631928
G[C>T]C,0.2734892539504547,0.8126547644290637,0.7043091588131568,2.057741034075565
G[C>T]G,0.17335770198026337,0.8128912719537481,2.687783778417378,17.51578024497959
G[C>T]T,0.5487829434436498,0.800829660932023,0.0,3.5712739613663427
T[C>T]A,31.435023262385975,1.0985230562609523,0.5196114518354761,4.068795562874834
T[C>T]C,7.613668506742608,2.9362511136575282,0.0,8.49349645299565
T[C>T]G,6.603097925656428,0.5041208245985553,2.8164454713209057,20.55284153834841
T[C>T]T,12.584887092322301,0.0,1.0637832272968766,3.0907530954332456
A[T>A]A,0.0,0.3745426220012512,0.0,0.0
A[T>A]C,0.2732363624851487,0.0791327238998718,0.03629569451851945,0.0
A[T>A]G,0.2804153374436716,0.00014047731616061629,0.05811794808441668,0.06492965471094578
A[T>A]T,0.003126392398093174,0.0019879817214690193,0.005362962282928295,0.0228379880546858
C[T>A]A,0.2761844643224612,0.024331503986047002,0.27537839901835653,1.8776487817275074
C[T>A]C,0.0,0.21991507453278045,0.7937948857075449,0.0
C[T>A]G,0.0,0.36223252759207086,0.40149710991318743,0.0
C[T>A]T,0.0,0.03709676686030948,0.09113667895056578,0.3070842319635589
G[T>A]A,0.0,0.0,0.011244837848660117,0.08580608071283559
G[T>A]C,0.0,0.0,0.4243016804005544,0.4665538536080233
G[T>A]G,0.0,0.11342189559990432,0.007964433504793263,0.20104052138913692
G[T>A]T,0.0,0.0,0.40142519367749513,0.0
T[T>A]A,0.0,0.3080179137298956,0.0,1.7964478598316218
T[T>A]C,0.0,0.039514536520821666,0.44004975908375854,0.0
T[T>A]G,0.0,0.0,0.4030737274998511,0.0
T[T>A]T,0.0,0.0,0.0,1.8053337457861327
A[T>C]A,0.0,0.45149804480531697,0.569996450854492,3.4884211368750635
A[T>C]C,0.0008728327574589427,0.22064352855769634,0.39706270347547606,0.0
A[T>C]G,0.5444092631885425,0.2432937947070728,0.8862307339640568,0.0
A[T>C]T,0.27911179717195556,0.8556727452400867,0.0,0.0
C[T>C]A,0.27524344440160886,0.0,0.0,0.0
C[T>C]C,0.0,0.6811158033817648,0.3764482926838814,0.0
C[T>C]G,0.0,0.0,0.7164601159956693,2.4760487873812655
C[T>C]T,0.0,0.27892859148159144,0.3523602434843283,0.0
G[T>C]A,0.0,0.3517763741394505,0.8472835653407984,0.15126463320832523
G[T>C]C,0.0,0.6221818171572906,0.4300814534672542,0.5431564190126936
G[T>C]G,0.0,0.011316558993566532,0.05201164463869399,0.042602479243893224
G[T>C]T,0.2766166963755886,0.32949959664950046,0.0,0.011401911658951214
T[T>C]A,0.0,0.01858410561122555,0.018116684540844242,0.29740990901095227
T[T>C]C,0.0,0.0,1.1071398746237744,1.8964396668930488
T[T>C]G,0.0,0.3009715685873497,1.0585761447648385,1.5133410684045308
T[T>C]T,0.0,0.0,0.8047833646833358,0.0
A[T>G]A,0.0,0.0,0.0,1.7965398129584251
A[T>G]C,0.0,0.08786034397354019,0.0,2.2747044487080212
A[T>G]G,0.0,0.08564546986909337,0.39704498822123424,2.095167945820864
A[T>G]T,0.0,0.01097662214611175,0.04945920779229763,0.04304786083477882
C[T>G]A,0.0,0.08057171414602203,0.03906956283526699,0.0
C[T>G]C,0.0,0.3724479399045249,0.0,0.0
C[T>G]G,0.0,0.0,0.7243716724980889,3.222170219051591
C[T>G]T,0.0,0.5539806625239763,0.7046978164268367,0.0
G[T>G]A,0.0,0.0017638289773021284,0.0024271687905952047,0.0
G[T>G]C,0.0,0.003997465078139256,0.006329204186808144,0.0
G[T>G]G,0.0,0.9466138438300296,0.0,0.0
G[T>G]T,0.0,0.0,0.3948128954653758,0.1449201976171802
T[T>G]A,0.2717146817770274,0.0,0.39042214126526964,0.0369798440684318
T[T>G]C,0.0,0.5720700234800962,0.0,0.03628253891454673
T[T>G]G,0.2672845930792339,0.0,0.0,1.725064512879137
T[T>G]T,0.0,0.1622872892486541,0.08245039119119403,0.0
