	TCGA-4H-AAAK-01A-12D-A41F-09	TCGA-5L-AAT0-01A-12D-A41F-09	TCGA-5L-AAT1-01A-12D-A41F-09	TCGA-A1-A0SD-01A-11D-A10Y-09	TCGA-A1-A0SE-01A-11D-A099-09	TCGA-A1-A0SF-01A-11D-A142-09	TCGA-A1-A0SG-01A-11D-A142-09	TCGA-A1-A0SH-01A-11D-A099-09	TCGA-A1-A0SI-01A-11D-A142-09	TCGA-A1-A0SN-01A-11D-A142-09	TCGA-A1-A0SO-01A-22D-A099-09	TCGA-A2-A04N-01A-11D-A10Y-09	TCGA-A2-A04U-01A-11D-A10Y-09	TCGA-A2-A04W-01A-31D-A10Y-09	TCGA-A2-A0CK-01A-11D-A228-09	TCGA-A2-A0CS-01A-11D-A10Y-09	TCGA-A2-A0CW-01A-21D-A10Y-09	TCGA-A2-A0D3-01A-11D-A10Y-09	TCGA-A2-A0EN-01A-13D-A099-09	TCGA-A2-A0EP-01A-52D-A22X-09	TCGA-A2-A0ES-01A-11D-A10Y-09	TCGA-A2-A0EW-01A-21D-A10Y-09	TCGA-A2-A0ST-01A-12D-A099-09	TCGA-A2-A0SU-01A-11D-A099-09	TCGA-A2-A0SX-01A-12D-A099-09	TCGA-A2-A0SY-01A-31D-A099-09	TCGA-A2-A0T0-01A-22D-A099-09	TCGA-A2-A0T3-01A-21D-A10Y-09	TCGA-A2-A0T4-01A-31D-A099-09	TCGA-A2-A0T5-01A-21D-A099-09	TCGA-A2-A0T6-01A-11D-A099-09	TCGA-A2-A0T7-01A-21D-A099-09	TCGA-A2-A0YC-01A-11D-A117-09	TCGA-A2-A0YD-01A-11D-A10G-09	TCGA-A2-A0YE-01A-11D-A10G-09	TCGA-A2-A0YG-01A-21D-A10G-09	TCGA-A2-A0YH-01A-11D-A10G-09	TCGA-A2-A0YI-01A-31D-A10M-09	TCGA-A2-A0YJ-01A-11D-A10G-09	TCGA-A2-A0YK-01A-22D-A117-09	TCGA-A2-A0YL-01A-21D-A10G-09	TCGA-A2-A0YM-01A-11D-A10G-09	TCGA-A2-A0YT-01A-11D-A10G-09	TCGA-A2-A1FV-01A-11D-A13L-09	TCGA-A2-A1FW-01A-11D-A13L-09	TCGA-A2-A1FX-01A-11D-A13L-09	TCGA-A2-A1FZ-01A-51D-A17G-09	TCGA-A2-A1G0-01A-11D-A13L-09	TCGA-A2-A1G1-01A-21D-A13L-09	TCGA-A2-A1G6-01A-11D-A13L-09
A[C>A]A	1	1	2	0	0	0	0	0	0	0	7	1	0	1	0	1	1	0	0	0	0	0	0	0	0	0	2	1	0	0	1	0	0	0	0	0	0	36	0	18	0	34	17	0	0	0	34	0	17	0
A[C>A]C	1	0	1	1	0	0	0	0	0	2	7	0	0	0	0	0	3	0	1	0	1	0	0	0	0	0	1	1	0	0	0	1	3	0	0	0	0	0	36	0	0	34	0	0	0	0	0	0	0	0
A[C>A]G	1	0	1	0	0	0	0	0	0	0	5	0	0	1	0	0	1	0	1	0	0	0	0	0	0	0	0	0	0	0	0	0	0	0	0	0	18	0	36	0	0	17	0	0	17	0	0	0	0	0
A[C>A]T	1	0	0	0	0	0	0	0	0	0	8	2	0	0	0	1	1	1	1	0	0	0	0	0	0	0	0	0	0	0	1	0	0	0	0	0	0	0	36	0	0	17	0	0	17	17	0	0	34	0
C[C>A]A	1	1	2	0	0	0	0	1	2	1	5	0	1	2	1	0	0	0	0	0	0	1	1	0	0	0	4	0	0	0	0	0	1	0	0	0	1	0	0	0	0	0	34	0	0	17	0	0	17	0
C[C>A]C	0	0	1	0	1	0	0	0	0	0	10	0	0	0	0	1	0	0	0	0	0	0	0	0	1	0	4	1	1	0	0	0	0	0	1	2	0	0	18	0	17	51	17	0	34	17	17	0	0	0
C[C>A]G	1	1	1	0	0	0	0	1	1	0	1	0	0	1	0	0	0	0	0	0	0	0	0	0	0	1	0	0	1	0	0	0	1	0	2	1	0	0	0	0	0	0	0	0	17	0	0	0	0	0
C[C>A]T	0	1	4	0	0	1	0	1	1	0	11	1	1	0	2	0	1	0	0	1	0	0	0	0	0	0	1	0	0	0	0	0	1	0	1	1	0	36	18	0	0	0	0	0	34	0	0	0	17	0
G[C>A]A	0	1	1	0	0	1	0	1	0	1	8	0	1	1	1	2	1	0	0	0	0	0	0	1	0	2	2	1	0	1	0	0	0	0	0	1	1	0	0	0	0	0	0	0	34	17	0	17	0	0
G[C>A]C	1	0	1	0	0	1	0	1	1	0	7	0	1	0	0	1	0	0	0	0	0	1	0	0	0	0	4	1	0	0	0	1	0	0	0	0	1	0	18	18	17	17	17	0	34	0	0	17	0	0
G[C>A]G	1	0	0	0	0	0	0	1	1	0	0	0	1	0	1	0	0	1	0	0	0	0	1	0	0	0	0	1	0	0	0	0	0	0	3	0	18	18	0	0	0	0	17	17	34	0	0	0	17	0
G[C>A]T	0	0	0	0	0	0	0	0	1	0	13	2	0	0	1	0	0	1	1	0	0	0	0	2	0	0	2	2	0	0	0	0	0	1	0	2	0	0	36	36	0	17	0	0	0	0	0	0	0	17
T[C>A]A	0	5	69	1	2	1	0	2	6	2	5	1	0	3	0	1	1	0	0	0	0	0	0	1	3	5	1	3	0	0	0	0	0	2	3	0	4	0	36	378	17	51	17	17	34	0	17	17	34	0
T[C>A]C	0	3	37	1	2	0	0	3	4	2	6	0	2	6	0	1	1	1	0	0	0	0	1	0	1	1	10	1	0	0	0	0	0	1	2	2	3	18	18	90	17	17	17	0	0	0	17	17	0	0
T[C>A]G	0	3	10	0	1	0	1	1	1	0	2	0	0	0	0	0	1	2	1	0	0	0	1	1	1	0	0	0	1	0	0	0	0	0	0	0	1	0	0	0	0	0	17	0	34	0	17	0	0	0
T[C>A]T	0	0	38	0	0	1	0	5	5	1	12	0	0	2	0	0	2	0	0	1	0	0	0	0	2	1	5	0	0	0	0	0	0	1	1	0	18	0	36	180	0	17	17	0	34	34	0	0	0	0
A[C>G]A	0	0	3	0	0	0	0	1	1	0	5	0	2	1	0	0	0	0	0	0	0	0	0	0	1	1	2	0	1	0	0	0	1	1	0	1	0	0	18	54	0	17	17	0	0	0	0	0	34	0
A[C>G]C	0	0	1	0	0	0	0	0	1	1	3	0	0	0	0	0	0	0	0	0	0	0	0	0	0	0	2	0	1	0	0	0	0	0	0	0	0	0	18	0	0	17	17	0	17	0	17	0	0	0
A[C>G]G	0	0	0	0	0	0	0	0	0	0	3	0	1	0	0	0	0	0	0	0	0	0	0	0	0	0	3	1	0	0	0	0	0	0	1	1	0	0	36	0	0	17	17	0	0	0	0	0	0	0
A[C>G]T	0	0	4	0	0	0	0	2	1	1	4	0	0	1	0	0	1	0	1	0	0	0	0	0	0	1	2	0	0	0	0	0	0	1	0	0	2	0	36	0	0	17	17	0	0	17	0	0	0	17
C[C>G]A	0	1	3	1	0	0	0	2	2	1	2	0	0	0	0	0	1	0	0	0	0	0	0	0	0	1	3	0	0	1	0	0	0	0	0	0	0	0	0	0	17	0	0	0	0	0	0	17	0	0
C[C>G]C	1	0	3	1	0	0	1	0	0	1	7	0	0	0	1	0	0	0	0	0	0	0	0	0	0	0	5	0	0	0	0	0	0	1	0	0	0	0	0	0	0	0	0	0	0	0	0	0	34	0
C[C>G]G	0	1	3	0	0	0	0	0	0	1	0	0	1	0	0	0	1	0	0	0	0	2	0	0	0	0	1	0	0	0	1	0	0	0	0	0	0	0	0	0	0	17	17	0	0	0	0	0	0	0
C[C>G]T	0	1	8	0	0	0	0	1	0	2	3	0	1	0	0	0	0	0	0	0	0	0	0	1	0	0	3	0	2	0	0	0	1	0	0	0	1	0	54	36	0	0	0	34	0	0	0	0	17	0
G[C>G]A	0	1	3	1	0	0	0	1	0	0	1	0	0	2	1	0	1	0	0	0	0	0	0	0	0	0	1	0	0	0	0	0	0	0	0	0	0	0	0	0	0	0	0	0	17	0	0	0	0	0
G[C>G]C	0	0	0	0	0	0	1	1	1	1	3	0	0	0	0	0	0	0	0	0	0	0	0	1	0	0	4	3	1	0	0	0	0	1	0	0	0	0	36	0	0	34	0	0	0	17	0	17	0	0
G[C>G]G	0	0	1	0	0	0	1	0	0	0	3	0	1	0	0	2	1	0	0	0	0	0	0	0	0	0	1	0	0	0	0	0	1	0	0	1	1	0	0	0	0	0	0	0	0	0	0	0	0	0
G[C>G]T	0	0	3	0	0	0	0	1	1	0	2	1	1	1	0	0	0	0	0	0	0	0	0	0	0	0	3	1	0	0	0	1	0	0	0	0	0	0	0	0	0	0	34	0	0	0	0	0	0	17
T[C>G]A	0	22	219	1	0	1	0	12	41	4	4	0	2	27	0	0	0	0	0	1	0	0	1	1	0	14	5	1	0	0	0	0	0	7	0	0	25	0	0	990	51	119	0	0	0	0	17	0	0	0
T[C>G]C	0	12	78	0	0	0	0	6	9	1	4	0	1	4	0	0	3	0	0	0	1	0	0	1	1	4	4	0	0	0	0	0	0	1	0	0	4	0	0	360	0	17	0	0	17	17	0	0	0	0
T[C>G]G	0	1	22	0	0	0	0	2	2	0	3	0	0	2	0	0	0	0	0	0	0	0	0	0	0	1	1	0	0	0	0	0	0	0	1	0	20	0	0	54	0	17	34	17	0	0	0	0	0	0
T[C>G]T	0	26	287	0	0	2	1	12	45	8	8	1	0	23	0	0	2	0	0	3	0	1	1	0	1	26	7	0	0	0	0	0	1	7	0	1	28	18	54	1548	68	68	17	0	34	0	0	0	0	17
A[C>T]A	1	2	8	1	0	0	0	0	0	0	7	2	0	0	0	0	0	0	0	0	1	0	0	1	0	3	3	1	0	0	1	0	0	2	0	2	2	0	36	36	17	0	0	17	0	0	0	0	0	0
A[C>T]C	0	2	1	1	1	1	0	1	0	0	4	0	0	1	0	1	0	0	0	0	0	1	0	1	0	2	1	1	1	0	0	0	0	0	0	3	0	0	36	18	0	0	0	34	17	0	17	34	0	0
A[C>T]G	1	2	10	6	0	0	2	0	3	1	10	1	7	2	3	3	4	2	4	2	1	1	3	0	1	5	3	1	1	2	3	3	1	4	2	4	41	0	90	90	34	85	17	85	68	0	0	34	51	0
A[C>T]T	1	0	2	0	1	1	2	0	0	1	6	0	1	1	0	1	0	1	0	0	0	1	0	0	1	1	2	0	0	0	1	0	1	0	1	2	36	0	18	18	0	51	0	0	17	0	0	0	0	0
C[C>T]A	0	3	18	1	0	0	0	2	0	2	6	0	2	4	0	0	1	0	0	1	0	0	1	1	1	2	0	0	2	0	0	0	0	3	0	0	0	0	18	108	17	0	0	17	34	17	0	0	0	0
C[C>T]C	1	2	8	1	0	0	0	2	2	2	4	1	1	2	0	0	1	1	2	0	0	0	0	0	1	1	2	0	0	0	0	1	0	2	1	1	18	0	0	36	51	17	0	17	0	17	0	17	17	0
C[C>T]G	2	1	20	3	1	0	2	3	2	2	3	2	0	1	1	4	3	6	1	0	0	2	0	3	0	3	2	6	1	1	3	2	2	2	2	3	1	0	54	72	0	119	17	51	51	34	0	0	17	0
C[C>T]T	0	1	5	0	2	1	0	0	2	2	9	3	0	0	1	0	2	0	2	1	0	0	1	2	0	3	2	0	1	1	0	0	0	1	1	2	1	0	18	18	17	17	0	17	17	17	0	51	0	0
G[C>T]A	1	2	14	0	1	0	0	1	0	0	6	0	1	2	0	2	0	1	1	0	1	1	0	0	0	2	4	1	1	0	0	0	0	0	0	3	1	0	54	18	0	0	17	0	51	0	34	0	17	0
G[C>T]C	1	2	11	0	0	0	1	0	1	0	4	0	0	0	0	0	0	0	0	1	1	0	0	1	0	1	1	0	1	0	0	0	1	0	0	1	19	0	18	18	0	17	17	0	51	0	0	0	17	17
G[C>T]G	4	4	9	2	2	6	2	2	2	4	4	2	3	7	4	4	0	3	1	0	1	1	0	3	4	2	6	3	3	2	1	1	1	2	3	2	3	0	36	18	17	102	136	68	51	51	34	17	0	17
G[C>T]T	0	1	6	1	0	0	0	2	2	1	4	1	0	3	1	1	0	0	0	0	0	0	1	1	1	0	3	1	0	0	1	0	0	0	0	0	0	0	0	36	17	0	34	17	34	0	0	0	17	0
T[C>T]A	0	50	416	1	1	14	0	17	44	3	9	2	0	23	1	1	7	1	1	0	0	0	1	1	4	27	6	1	2	1	2	1	2	14	3	2	9	0	18	1961	136	85	51	68	17	0	0	51	17	0
T[C>T]C	0	30	135	0	3	6	1	10	12	3	5	2	2	9	1	0	3	0	2	2	2	0	1	1	4	12	6	0	1	0	1	0	1	9	2	3	4	36	0	468	119	34	68	51	102	34	0	17	17	0
T[C>T]G	4	17	131	1	3	3	2	2	15	4	4	5	3	12	1	1	2	1	3	0	0	1	0	0	0	14	3	1	0	0	2	2	1	11	2	3	4	18	72	414	17	102	170	34	68	17	0	0	17	0
T[C>T]T	0	33	228	1	3	9	2	11	24	3	9	1	1	12	2	0	2	0	0	3	0	1	2	0	0	12	0	0	0	0	0	1	0	3	2	3	23	0	18	774	34	51	17	17	0	17	17	0	17	0
A[T>A]A	1	0	0	3	0	0	1	0	0	0	1	0	1	0	0	0	0	0	1	0	0	0	0	0	0	0	1	0	0	0	0	0	0	0	0	0	1	0	0	0	0	0	0	0	17	0	0	0	17	0
A[T>A]C	0	2	0	0	0	0	0	0	0	0	4	0	3	0	0	0	1	0	0	0	0	0	0	0	0	0	2	0	0	0	0	0	0	0	0	0	0	0	0	18	0	0	0	0	0	0	0	0	17	0
A[T>A]G	0	1	2	0	1	0	0	1	1	0	2	0	0	0	0	1	0	0	0	0	0	0	0	0	0	0	0	0	0	0	1	0	0	0	0	0	1	0	0	18	0	0	0	0	0	0	17	0	0	17
A[T>A]T	0	0	1	0	0	0	0	0	0	4	2	1	0	0	0	0	0	0	0	0	0	0	0	0	0	0	1	0	0	0	0	0	0	0	0	0	0	0	0	0	0	0	0	0	0	0	0	0	0	0
C[T>A]A	0	0	0	0	0	0	0	0	0	0	0	0	0	0	0	0	0	0	0	0	0	0	0	0	0	0	1	0	0	0	0	0	0	0	0	0	0	0	0	18	17	17	17	0	0	0	0	0	0	0
C[T>A]C	0	0	1	0	1	0	0	0	0	0	9	0	0	0	0	0	0	0	0	0	0	0	0	1	0	0	1	0	1	0	0	0	1	1	0	0	0	0	18	0	0	17	0	0	17	0	0	0	0	0
C[T>A]G	0	0	1	1	0	0	0	0	0	1	5	0	1	1	0	0	2	1	0	0	0	0	0	1	0	0	1	0	0	0	0	0	0	0	0	2	0	0	18	0	0	0	0	0	17	0	0	0	17	0
C[T>A]T	0	0	0	0	0	0	0	0	0	0	8	0	4	0	0	0	1	0	0	0	0	0	0	0	0	1	2	0	0	0	0	0	0	0	1	0	2	0	0	0	0	0	0	0	0	17	17	0	0	0
G[T>A]A	0	1	0	0	0	0	0	0	0	1	0	0	0	0	0	0	0	0	0	0	0	0	0	0	0	0	1	0	0	0	0	0	0	0	0	0	0	0	0	0	0	0	0	0	0	0	0	0	0	17
G[T>A]C	0	0	1	0	1	0	1	0	0	1	3	0	0	0	0	0	0	0	1	0	0	0	0	0	0	1	2	0	0	0	0	0	0	0	0	0	0	0	0	0	0	17	0	0	0	17	0	0	0	0
G[T>A]G	0	0	0	0	0	0	0	1	0	1	4	1	0	0	0	0	0	0	0	0	0	0	0	0	1	0	2	0	0	0	0	0	0	0	0	0	0	0	0	0	0	0	0	0	0	17	0	17	0	0
G[T>A]T	0	0	0	0	0	0	0	0	0	0	1	0	0	0	0	1	0	0	0	0	0	0	0	0	0	1	0	0	1	0	1	0	0	1	0	0	0	0	18	0	0	0	0	0	0	0	0	0	0	0
T[T>A]A	0	1	0	0	0	0	0	0	0	0	1	0	0	0	0	0	0	0	1	0	0	0	0	0	0	0	0	0	0	0	0	0	1	1	0	1	0	0	0	0	0	0	17	0	17	0	0	0	17	0
T[T>A]C	0	0	0	0	0	0	0	0	0	1	1	0	0	0	0	0	0	0	0	0	0	0	0	1	0	1	0	0	0	0	0	0	0	0	0	1	0	18	18	0	0	0	0	0	0	0	17	0	0	0
T[T>A]G	0	0	1	0	0	0	0	1	0	0	0	0	0	0	1	0	0	0	0	0	0	0	0	0	0	0	1	0	0	0	0	0	0	0	0	0	1	0	18	0	0	0	0	0	0	0	0	0	0	0
T[T>A]T	1	0	0	0	0	0	0	0	0	0	2	1	1	0	0	0	0	0	0	0	0	0	0	1	0	0	2	0	0	0	0	0	0	0	0	1	0	0	0	0	0	0	17	0	0	0	0	0	0	0
A[T>C]A	1	1	0	3	1	0	1	0	1	1	2	0	0	0	0	1	0	1	1	1	0	1	0	0	0	0	5	0	0	0	1	1	0	0	0	1	0	0	36	0	0	0	34	0	34	0	0	0	0	17
A[T>C]C	0	0	1	0	2	0	0	0	0	1	3	0	0	1	0	0	0	0	1	0	0	0	1	1	0	0	2	0	0	0	0	0	0	0	0	2	0	0	18	0	17	0	0	0	0	0	0	0	17	0
A[T>C]G	3	0	0	2	2	1	1	2	2	1	1	0	1	2	1	1	0	1	1	0	0	0	1	0	0	0	1	0	1	0	0	1	0	0	0	2	2	0	18	36	17	17	0	0	0	0	34	17	17	0
A[T>C]T	0	0	0	0	1	0	0	0	0	2	3	2	0	0	1	3	0	0	0	0	2	0	0	0	2	0	2	1	1	0	0	0	1	0	0	2	0	18	0	18	17	0	0	34	17	0	17	17	0	0
C[T>C]A	0	1	0	1	0	0	0	0	0	0	1	1	0	0	0	0	0	0	0	0	0	0	0	0	0	0	1	0	0	0	0	0	0	0	0	0	0	0	0	18	0	0	0	0	0	0	0	0	0	0
C[T>C]C	0	0	1	0	0	1	0	0	0	0	2	1	2	0	0	0	1	0	0	0	0	0	0	0	1	0	2	0	0	0	0	0	0	1	0	0	0	0	18	0	0	0	0	0	34	0	34	17	0	0
C[T>C]G	0	0	1	0	0	0	0	1	0	0	2	1	1	1	0	1	0	0	0	0	0	1	1	0	0	1	4	1	1	0	0	0	0	0	1	0	0	0	0	0	0	34	17	0	0	17	0	0	0	0
C[T>C]T	0	1	1	0	0	0	0	0	0	0	1	1	0	0	0	0	0	0	0	1	0	0	0	0	0	0	2	0	0	0	0	1	0	1	0	0	0	0	18	0	0	0	0	0	17	0	0	0	0	0
G[T>C]A	0	0	1	0	0	0	0	1	0	0	1	0	1	2	0	0	0	0	1	1	0	0	1	0	0	0	0	0	0	0	0	0	0	0	0	1	0	0	18	0	0	17	0	17	17	0	17	0	0	0
G[T>C]C	0	1	0	0	0	0	0	0	0	0	2	0	0	0	0	1	0	0	0	0	0	0	0	0	0	1	2	0	0	0	0	0	0	0	1	0	0	0	0	0	0	17	0	51	17	0	0	0	0	0
G[T>C]G	0	0	0	0	0	0	0	0	0	1	1	0	0	0	0	0	0	0	0	0	0	0	0	1	2	1	2	1	0	0	0	0	1	0	0	0	0	0	0	0	0	0	0	0	0	0	17	0	0	0
G[T>C]T	0	1	2	0	0	0	0	0	0	0	3	0	1	1	0	0	2	0	0	0	1	0	0	0	2	0	4	0	1	0	0	0	1	0	0	1	0	18	0	18	0	0	0	0	17	0	0	0	0	0
T[T>C]A	0	0	0	0	0	0	0	1	1	0	0	1	0	1	1	0	1	0	0	0	0	0	0	0	0	1	2	0	0	0	0	0	0	0	0	0	0	0	0	0	0	0	0	0	0	17	0	0	0	0
T[T>C]C	0	0	1	0	1	0	0	0	0	1	1	0	1	0	0	2	1	0	0	0	0	0	0	0	0	0	1	0	0	0	0	0	0	0	0	0	1	0	18	0	0	34	17	0	0	0	0	0	0	0
T[T>C]G	0	0	0	0	0	0	1	0	0	0	0	0	0	1	0	0	0	0	0	0	0	0	0	0	1	0	1	1	0	0	0	0	0	0	0	0	0	0	36	0	17	17	17	0	17	0	0	0	0	0
T[T>C]T	0	0	1	0	0	0	0	1	1	2	1	0	0	0	0	0	0	0	0	1	0	1	0	0	0	0	0	0	0	0	1	0	0	1	0	0	0	0	18	0	0	17	0	0	0	0	0	0	0	0
A[T>G]A	0	0	0	0	0	0	0	0	0	0	0	0	0	0	0	0	0	0	0	0	0	0	0	0	0	0	0	0	0	0	0	0	0	0	0	0	0	0	0	0	0	0	17	0	0	0	0	0	0	0
A[T>G]C	0	0	0	1	0	0	0	0	0	0	1	0	1	0	0	0	0	0	0	0	0	0	0	0	0	0	0	0	0	0	0	0	0	1	0	0	0	0	0	0	0	0	17	17	0	17	0	0	0	0
A[T>G]G	0	0	0	0	0	0	1	0	0	0	0	0	0	0	0	0	0	0	0	0	0	0	0	0	0	0	0	0	0	0	0	0	0	0	0	0	0	0	0	0	0	17	17	17	0	0	0	0	17	0
A[T>G]T	0	0	0	0	0	0	0	1	0	0	1	1	0	0	0	0	0	0	0	0	0	0	0	0	1	0	1	0	0	0	0	0	0	1	0	0	0	0	0	0	0	0	0	0	0	0	17	0	0	0
C[T>G]A	0	1	0	0	0	0	0	0	0	0	0	0	0	0	0	1	1	1	0	0	0	0	0	0	0	0	0	0	0	0	0	0	0	0	0	0	0	0	0	0	0	0	0	0	0	0	0	0	17	0
C[T>G]C	0	0	0	0	0	0	0	1	0	0	0	0	0	0	0	0	0	0	0	0	0	0	0	0	0	1	2	0	0	0	0	0	0	0	0	0	0	0	0	0	0	0	0	0	17	0	0	0	17	0
C[T>G]G	0	0	0	0	0	0	0	0	0	0	1	0	1	0	0	0	0	0	0	0	0	0	0	0	0	1	3	0	0	1	0	0	0	0	0	1	18	0	36	0	0	0	34	0	0	0	0	17	0	17
C[T>G]T	0	0	0	0	0	0	0	0	0	1	2	0	2	1	0	0	0	0	0	0	0	0	0	0	1	0	1	0	0	0	0	1	0	0	0	0	0	0	36	0	0	0	0	0	34	0	0	0	0	0
G[T>G]A	0	0	0	0	0	0	0	0	0	0	1	0	1	0	0	0	1	0	0	0	0	0	0	0	0	0	0	0	0	0	0	0	0	0	0	0	0	0	0	0	0	0	0	0	0	0	0	0	0	0
G[T>G]C	0	0	0	0	0	0	0	0	0	0	2	0	0	0	0	1	0	0	0	0	0	0	1	0	0	0	3	0	0	0	0	0	0	0	0	0	0	0	0	0	0	0	0	0	0	0	0	0	0	0
G[T>G]G	0	0	0	0	0	0	0	0	0	0	2	0	1	0	0	2	0	0	0	0	0	0	0	0	0	0	0	0	0	3	0	0	0	0	1	1	1	0	0	0	0	0	0	0	51	0	0	0	17	0
G[T>G]T	0	1	0	0	0	0	1	0	0	0	0	1	0	0	0	0	0	0	0	0	0	0	0	0	0	0	0	0	0	0	0	0	0	0	0	0	0	0	0	0	0	17	0	0	0	0	0	0	0	0
T[T>G]A	0	0	0	0	0	0	0	0	0	1	1	0	0	0	0	0	1	0	0	0	0	1	0	0	0	0	1	0	1	0	0	0	0	0	1	0	0	0	0	18	0	17	0	0	0	0	0	0	0	0
T[T>G]C	0	1	0	0	0	0	0	0	1	0	0	0	0	0	0	0	0	0	0	0	0	0	0	1	0	0	1	0	0	0	0	0	0	0	0	1	1	0	0	0	0	0	0	0	34	0	0	0	0	0
T[T>G]G	0	0	1	0	0	1	0	0	0	0	1	2	0	0	0	0	0	0	0	0	0	0	0	0	0	0	1	0	0	1	1	0	0	2	0	0	0	0	0	18	0	0	17	0	0	0	0	0	0	0
T[T>G]T	0	0	1	0	0	0	0	0	1	0	2	0	1	0	0	0	2	1	0	0	0	0	0	0	1	0	0	0	0	0	0	0	0	0	0	1	0	0	0	0	0	0	0	0	0	0	0	0	34	0
