,Signature_0,Signature_1,Signature_2,Signature_3,Signature_4
A[C>A]A,0.0,0.42518114253233524,0.28770216563543305,0.5245847918138127,1.1208555325165315
A[C>A]C,0.0,0.33130643800061454,0.14548983404577057,0.0,0.8615581078004987
A[C>A]G,0.0,0.9817646861978647,0.5387009952764609,0.02258814794789975,0.7216466787352731
A[C>A]T,0.0,2.061170036175801,0.0,0.008495777584676751,0.5283605199203222
C[C>A]A,0.0,1.0739769370550352,0.6180759490466678,0.0,1.1992412260701475
C[C>A]C,0.015896641122114023,1.0886526901468059,0.0,0.0,0.34432161986987175
C[C>A]G,0.0,0.6384741749254768,0.1144638472769311,0.13939784979485073,0.5943447203695066
C[C>A]T,0.004354130782626263,0.7729604908113613,0.36906821745123847,0.0,0.09895339050138292
G[C>A]A,0.0,0.06801647759185363,0.41317776912035686,0.0,0.6170084381065039
G[C>A]C,0.2204074576625128,0.71913537134299,0.0,0.0928108212846767,0.8544038521753241
G[C>A]G,0.07962630090799448,1.1245137275611665,0.2916551353258757,0.12987953750800965,0.36280415267497773
G[C>A]T,0.10586716230433746,0.044332585939547114,0.055370809146922814,0.0,0.025544525352513708
T[C>A]A,0.0,0.49994365610693453,0.0,0.01994331607495079,0.9057970545297617
T[C>A]C,0.0805832119495799,1.003640607589353,0.5297196015593304,0.0,0.5183877489923033
T[C>A]G,0.06433763525751107,0.0,0.0,0.09680889966085973,0.6887220045721062
T[C>A]T,0.0,0.2658272443300224,0.1007153036054494,0.17986725678141055,0.5616845859272067
A[C>G]A,0.0,0.2881628154442877,0.6842501299433957,0.0,0.7485870795239921
A[C>G]C,0.0894688361803308,0.6184864069923847,0.0,0.0,1.044312449273741
A[C>G]G,0.0,0.9219869546473575,0.5789231990209233,0.11242867137542102,1.1058868589197157
A[C>G]T,0.0,1.4074513505464454,1.589066886745525,0.0,1.0365117977297633
C[C>G]A,0.0,0.9016817287378489,0.05913775771479438,0.0,0.9666637836390706
C[C>G]C,0.05597141599107303,0.516811946591296,0.8708878799628245,0.303712939343583,0.0
C[C>G]G,0.4400005713808576,0.2077455996002636,0.07860762106059765,0.0,0.7079734694827192
C[C>G]T,0.0337278223078416,1.2619360383079299,0.1481495221956896,0.0,1.0030964684499897
G[C>G]A,0.0,1.4167156113251214,0.8268606114907749,0.38345191921019045,0.020440174956967268
G[C>G]C,0.015988476713222635,0.6723982316890434,0.09728887303779138,0.0,0.640544787562805
G[C>G]G,0.0,0.17868072804970253,0.0,0.0,1.0448609823900634
G[C>G]T,0.1009334169358784,0.31590127082629965,0.155190668598829,0.17308402585026578,1.1483766703029452
T[C>G]A,0.5993289862278312,3.3503195616968884,1.235192660225624,0.0,0.26047310425743436
T[C>G]C,0.0,1.7117717985044785,0.4879057954044535,0.006824176270741652,1.3836205003990019
T[C>G]G,0.1716888491838291,1.6759317304197867,0.0,0.054938331356385046,0.4980885373961331
T[C>G]T,0.0,6.071837162072659,1.712025316512367,0.38473655517728095,0.8129197511046519
A[C>T]A,0.3472970468285003,1.2608076305572526,0.12523141296137869,0.0,0.0
A[C>T]C,0.33616164867193876,0.4184133354870357,0.6970103661090966,0.0,1.6200788648334754
A[C>T]G,2.4686408130370356,0.0,0.17149274512882218,2.2800080116464314,2.4853135698483633
A[C>T]T,0.0,8.731854151331484,0.18839853338367166,0.07620573394554798,0.0
C[C>T]A,0.22213351491880365,1.6207677163959746,0.0,0.14299815772474406,0.7811575352034338
C[C>T]C,0.8127520980688655,1.2778643119730824,0.0,0.21616969938335745,2.3270002523148716
C[C>T]G,6.721687941069334,0.0,0.3531906849555136,1.0986173449827683,1.2739364250902732
C[C>T]T,0.014666886380673861,5.5122073720123375,1.675264235757835,0.1933715110545274,0.0025795216727419433
G[C>T]A,4.774897969543276,1.9592333625061387,0.0,2.5935823068259922,2.234744632145166
G[C>T]C,7.712377311336901,1.249964228962557,5.236147604257007,0.6511036016903982,0.0
G[C>T]G,2.8480813876606548,0.10045986105397228,2.8577408629738974,5.103321129952821,0.9317192164675003
G[C>T]T,5.502993637473164,0.5238205914381798,1.6059884922675414,3.6220618526309103,1.2159390596660005
T[C>T]A,0.06831989147203266,7.0219127661248555,0.6708953411108091,0.13784538499018043,0.0
T[C>T]C,0.20369814458990887,2.343654621242371,0.9352127231037421,0.0,2.034095319588128
T[C>T]G,6.198743386032134,1.8269984011178875,0.3388457705215101,5.181280821758709,0.3174960385796244
T[C>T]T,0.6483440513010434,5.532091149718281,0.0,0.0,0.0
A[T>A]A,0.0,0.24345059800205085,0.03338168942845308,0.003218297988473123,0.6406502225857794
A[T>A]C,0.015071599087545788,0.3280308379435173,0.34293031924374695,0.0,0.007813465018757897
A[T>A]G,0.0,0.3021486151021904,0.43391692817200905,0.010227513127512395,0.0
A[T>A]T,0.08424673514202063,0.5567363135467225,0.0,0.08026860184705613,0.04745514887407259
C[T>A]A,0.04845662537116875,0.392409812622839,0.0,0.07619617241140064,0.40864874165431664
C[T>A]C,0.0,0.45881046913487467,0.0,0.045327022842128355,0.46303608550111963
C[T>A]G,0.11490119218444496,0.0,0.27453506066853345,0.33642687745980276,0.2919842256755102
C[T>A]T,0.0,0.0,0.263686115959675,0.11706889214034998,0.3831546853240777
G[T>A]A,0.0,0.31281889758951187,0.1565498257713058,0.2330378819059361,0.0
G[T>A]C,0.3209280866809857,0.0,0.2917576002630822,0.0,0.1973805760037847
G[T>A]G,0.19555821231003137,0.18226067150732156,0.2864857610770331,0.0,0.36118849586917556
G[T>A]T,0.0,0.0,0.0,0.0,0.0
T[T>A]A,0.15703166840981841,0.4503594669657004,0.20494883564874458,0.0,0.09586925023667632
T[T>A]C,0.0,0.4817678338488574,0.42964669576441283,0.37151925343118763,0.12200662400979473
T[T>A]G,0.09691934926009806,0.11639166409499016,0.15153759388377577,0.021838010137272445,0.22510613224164192
T[T>A]T,0.12458952012197289,0.0,0.5772698200276175,0.0,0.0
A[T>C]A,0.09836143614077221,0.0,0.1732067957220717,0.3564516846485401,0.7183243343219136
A[T>C]C,0.2701182124525244,0.0,0.019895471362213254,0.0,0.6321272287475153
A[T>C]G,0.46349139694193375,0.0,0.0,0.0,1.1250752978214282
A[T>C]T,0.09765197244303832,0.4497437184395502,0.0,0.029493260621371288,0.7605999827059556
C[T>C]A,0.258340092388675,0.0,0.19683848772190013,0.019965533320556936,0.4920081817364514
C[T>C]C,0.43679072625660137,0.2448288141903404,0.0,0.0,1.2552559392983211
C[T>C]G,0.23801899256870787,0.38842014379347556,0.0,0.3267176396523167,1.1682127706135426
C[T>C]T,0.19832483905986364,1.0865276623781321,0.800932951140585,0.12771474801832253,0.6825123879915544
G[T>C]A,0.0046745785567360405,0.07606907437095771,0.14511416096243215,0.4294564782071708,1.2165417391756155
G[T>C]C,0.19050077466981993,0.0,0.24587129399722304,0.32248232384728,2.067847435266109
G[T>C]G,0.17375277841798176,0.7384630893620451,0.0,0.16178311696816866,2.8109154534695664
G[T>C]T,0.37626844997882,0.994099023199856,0.0,0.0,0.4710388221179867
T[T>C]A,0.20319089604762453,0.0,1.0916552116836884,0.06353744447115801,1.1002374824590957
T[T>C]C,0.31399457338132947,0.0,0.2622032387582381,0.056571126311215636,2.1087373406335717
T[T>C]G,0.15692995397547474,0.2636177157318136,0.0,0.03386387526983764,1.393646850828864
T[T>C]T,0.013326893667994614,0.4608033443446225,0.4458618538473764,0.07825110328512959,0.939883685424488
A[T>G]A,0.35413469311396023,0.04559348768666523,0.0,0.03985024064730521,0.2635665509743563
A[T>G]C,0.0,0.3832459041163543,0.0,0.0,0.0
A[T>G]G,0.18406405762557856,0.13453217761341457,0.2668657706789973,0.0,0.15034477245860306
A[T>G]T,0.19976175652349898,0.2120269219953907,0.07518400510381706,0.050982950684564175,0.11013431510419562
C[T>G]A,0.028141126377810598,0.0,0.026041060359678046,0.09800902230970718,0.32829486127425683
C[T>G]C,0.06417426192082495,0.0,0.9687331793740209,0.0,0.0
C[T>G]G,0.0,0.19930233841997422,0.1440334386418455,0.3276598021582347,0.45254981072632244
C[T>G]T,0.0,0.7902030978883737,0.14482079293621916,0.07527798783549366,0.2685051332656774
G[T>G]A,0.16468406273823152,0.13521550567062252,0.0,0.08831775723382972,0.48328218382353616
G[T>G]C,0.18372168056453125,0.5571141259033576,0.0,0.29531356178501567,0.09123824292528378
G[T>G]G,0.0,0.40235334916437837,0.01937923894882034,0.489397891247672,0.1843026708324134
G[T>G]T,0.0,0.0,0.2520101423575222,0.08020358521558384,0.21513645488386998
T[T>G]A,0.0,0.15758074161291982,0.29200916536585725,0.4177834901396213,0.11284764061279995
T[T>G]C,0.0,0.0,0.12954567432799893,0.38053102903233393,0.5030876445638917
T[T>G]G,0.07731186420947814,0.0,0.04528096018506224,0.20551199982211113,0.06873513043586374
T[T>G]T,0.006873617529631423,0.0,0.0,0.0,0.9553196112556522
