,Signature_0,Signature_1
A[C>A]A,2.934312837341689,1.9811825669586178
A[C>A]C,1.114998807215789,1.3968731464405986
A[C>A]G,0.9174709917970483,1.1634231165047573
A[C>A]T,1.4983199247549823,2.6039264725865023
C[C>A]A,1.6090134077032958,2.462283825217184
C[C>A]C,0.6712377497170996,2.6889361624260864
C[C>A]G,0.5270198567582135,0.3251615013907158
C[C>A]T,1.0483757495826216,1.6217427735269243
G[C>A]A,1.4344567869238458,2.1378198845077705
G[C>A]C,0.5000396226591101,1.6283746349954442
G[C>A]G,0.23860862745033543,0.5533108602827039
G[C>A]T,0.5766716440523864,0.5456208544125706
T[C>A]A,1.5621860414660038,2.0512710927985225
T[C>A]C,0.9179017070882374,2.426561613302928
T[C>A]G,1.1536224350379773,0.807314692256547
T[C>A]T,3.291796046610689,1.6281370373271025
A[C>G]A,0.49796418525703595,1.7713849646100266
A[C>G]C,0.351791274449135,0.9093704613201415
A[C>G]G,0.18995514732560106,0.1414089771150513
A[C>G]T,0.5619863559511293,1.735688028410661
C[C>G]A,0.5124755411921695,0.3482168811637466
C[C>G]C,0.18047517813054176,1.3586087291458175
C[C>G]G,0.3563409605782297,0.3769281117708011
C[C>G]T,0.6741949334446846,1.4458518175232877
G[C>G]A,0.4086931497482091,0.5897233855451507
G[C>G]C,0.1783840917993046,1.2086970842021802
G[C>G]G,0.0641641721632311,0.3843980842503262
G[C>G]T,0.18622985288384045,0.4015356884393867
T[C>G]A,0.6240506355064921,1.039403768578479
T[C>G]C,0.6246275942226668,1.8888865129028471
T[C>G]G,0.31422898336604593,0.7998081061867134
T[C>G]T,1.3683672335256698,2.54955965294896
A[C>T]A,4.0710141608986365,3.382219412286271
A[C>T]C,1.6125044458367335,3.2680742983450566
A[C>T]G,12.796813608508012,2.5627814800097317
A[C>T]T,2.142165551666158,1.7195774960651236
C[C>T]A,2.2597421444118018,3.0515608531457996
C[C>T]C,2.3375230294204807,3.416839055666119
C[C>T]G,6.434665061134544,1.6840831798620677
C[C>T]T,2.449360897861112,5.067631668635836
G[C>T]A,12.244268033499903,0.9303263660421408
G[C>T]C,6.969251570956258,2.8142203600288744
G[C>T]G,12.150391937345365,0.0
G[C>T]T,5.464618144179625,2.5067382258798245
T[C>T]A,2.3382097127586787,3.212936813705845
T[C>T]C,2.5557324993055563,5.168971102575223
T[C>T]G,5.84588021484591,1.237134659552714
T[C>T]T,2.5460310129704156,3.7547260591434797
A[T>A]A,0.735188276084515,1.5805866949152991
A[T>A]C,0.5059065408695569,0.9694919068289996
A[T>A]G,0.4948607784719366,1.34142978707559
A[T>A]T,1.2508365841396611,1.5231399870972917
C[T>A]A,0.1526818886831499,1.0629948638633402
C[T>A]C,0.5669930183609676,0.5120964904870491
C[T>A]G,0.5820447267652502,0.7192244796643743
C[T>A]T,0.4930880064498083,0.4729339846411046
G[T>A]A,0.5704313816820942,2.573239535512667
G[T>A]C,0.4205512472284303,0.9772150343663013
G[T>A]G,0.10553115832683602,1.3057186414665103
G[T>A]T,0.5288072317554557,0.5237825106805227
T[T>A]A,1.1534613975166628,1.4877314531810486
T[T>A]C,0.5650294121505124,0.5646330523725114
T[T>A]G,0.29197137632724846,0.838967452832304
T[T>A]T,0.5564243493681726,1.9880868453692015
A[T>C]A,2.4385892722516163,6.429253669695187
A[T>C]C,1.2950378869726062,1.714396625040408
A[T>C]G,1.8730377277984211,3.367861747276551
A[T>C]T,1.9065548666887746,2.8961687849626734
C[T>C]A,0.9725583775669164,2.7994772764057863
C[T>C]C,0.7878174988604233,0.9387443039529212
C[T>C]G,0.3360347188894792,1.408318020194491
C[T>C]T,0.6587511529430101,1.3117202714167353
G[T>C]A,1.4821937354488472,3.937099335522629
G[T>C]C,0.5946620102588525,1.4484747345111098
G[T>C]G,0.9272645444369425,1.5585609506676867
G[T>C]T,1.0723541801814915,1.0567345683207992
T[T>C]A,2.0345166590734043,3.8608575641366802
T[T>C]C,1.155976664217613,1.2443439630126842
T[T>C]G,1.1371917307261663,2.1258929800508435
T[T>C]T,1.9199194235132875,1.8081745622723189
A[T>G]A,0.38303080182290244,0.9253407542864683
A[T>G]C,0.26786779379556797,0.30012887419409373
A[T>G]G,0.31733272649049965,0.42173871541400615
A[T>G]T,0.020758367689405453,1.0364356935761798
C[T>G]A,0.0,0.8658080512291725
C[T>G]C,0.0,1.6826017491134686
C[T>G]G,0.21570036733407794,0.27507625086238857
C[T>G]T,0.601807328049962,1.331731372763447
G[T>G]A,0.42281678734193323,0.5165590929501376
G[T>G]C,0.18506683373963062,0.8102546801503868
G[T>G]G,0.1819508018271728,0.38541374584383736
G[T>G]T,0.5151267986113761,0.7839759981381047
T[T>G]A,0.3650551993220383,1.0592113175084372
T[T>G]C,0.3623296925858881,0.7594896214340475
T[T>G]G,0.3489836734283178,0.5147864821778869
T[T>G]T,1.0787960678698794,2.4096139350599195
