,Signature 1,Signature 2
A[C>A]A,2.9981938490708275,1.954316275091287
A[C>A]C,1.1242293404517092,1.3697221154052084
A[C>A]G,0.6146534150795026,1.1251948486644439
A[C>A]T,1.258877194903649,2.080548541217544
C[C>A]A,1.6244767736317554,2.5837756180284126
C[C>A]C,0.6244487035936068,2.846402653048514
C[C>A]G,0.09757212858209045,0.7000856573955616
C[C>A]T,0.808281135276423,2.342537062692039
G[C>A]A,1.7247657083156838,2.3178426851226765
G[C>A]C,0.9224975610309384,1.3306871786576293
G[C>A]G,0.22446584285721013,0.59560770041363
G[C>A]T,1.1986596108152685,1.2646993763564651
T[C>A]A,1.8584240669025112,2.6264513766382556
T[C>A]C,1.1522452002782102,1.8266594282161868
T[C>A]G,0.5564589536910454,0.09827061938495424
T[C>A]T,3.3672545556839424,1.5844066097244498
A[C>G]A,0.46949677319374183,1.866140093459924
A[C>G]C,0.8377738785930864,0.626212495360285
A[C>G]G,0.4358067194447831,0.13081637866686702
A[C>G]T,0.5703440236659426,1.6182527710049863
C[C>G]A,0.040581016515768134,0.6362202484191849
C[C>G]C,0.13672781532625305,1.47457074577695
C[C>G]G,0.21255777279382215,0.48651331980574747
C[C>G]T,0.8853333453985595,1.7043109158012786
G[C>G]A,0.17342929822516526,0.6038526120428629
G[C>G]C,0.31768871572572227,1.148482719845273
G[C>G]G,0.0629990738158893,0.39338785164235385
G[C>G]T,0.46252906212913786,0.8168693550949663
T[C>G]A,0.6354938329282249,1.2004379065264024
T[C>G]C,0.38384728408810703,1.7731434226049663
T[C>G]G,0.046067010036629226,0.4011957861727759
T[C>G]T,1.377431503171542,2.621067763952534
A[C>T]A,4.148320850225626,3.4050035801890304
A[C>T]C,2.3297860781468565,2.840769645809213
A[C>T]G,23.608050706507395,0.0
A[C>T]T,3.1182344303514378,1.5897457703509503
C[C>T]A,1.521467738177662,3.753967026890101
C[C>T]C,2.354179946877411,3.4872019022438443
C[C>T]G,10.889062731178885,1.6604647043316845
C[C>T]T,2.063729966759084,6.599184358526736
G[C>T]A,2.137672468548628,2.912367341639265
G[C>T]C,2.746378616578321,2.8514148755095365
G[C>T]G,12.323536995895212,0.011166813182878215
G[C>T]T,2.830096444021025,3.2816429685961137
T[C>T]A,1.3879628489012743,3.4973327388002886
T[C>T]C,2.921627504144984,3.9958478983251253
T[C>T]G,8.773635237876288,0.2541146675368548
T[C>T]T,2.4993246246967056,3.9833550137193248
A[T>A]A,0.7316192915464451,1.6414154262384266
A[T>A]C,0.5540089049190257,1.2393408494511213
A[T>A]G,0.9289818617425889,3.3777271534349618
A[T>A]T,1.4288168154302234,1.1173859311694552
C[T>A]A,0.08377434269313533,0.8826847426660385
C[T>A]C,0.5884387376230502,0.4877018014143047
C[T>A]G,0.28324993894379985,1.6230642033175342
C[T>A]T,0.6489969129144498,0.7527541831652106
G[T>A]A,0.08398349523036804,0.7274404281013273
G[T>A]C,0.7261613508794178,0.1107963856738173
G[T>A]G,0.0723152654908479,1.3963169894822756
G[T>A]T,0.3062277818797333,0.6840060795679788
T[T>A]A,1.0204794929224195,1.9204837952676572
T[T>A]C,0.43411847113243635,0.2851041058581046
T[T>A]G,0.5141956127167556,0.7264680439919458
T[T>A]T,0.5207235426489721,2.109649161879565
A[T>C]A,2.380922603284468,6.698146017467666
A[T>C]C,1.2724562684513132,2.582546058004606
A[T>C]G,1.8743242613600162,5.446342503887591
A[T>C]T,2.5750348018731257,4.867234884932022
C[T>C]A,0.9835793969569397,2.0886527695541095
C[T>C]C,0.7951040103460965,0.9568308790256825
C[T>C]G,0.43838347914551623,2.324444854749544
C[T>C]T,1.0185424025587173,1.0656248650357434
G[T>C]A,1.46779338049306,2.0837525549689784
G[T>C]C,0.4561822562856234,0.6772572557904444
G[T>C]G,0.935568876619936,1.587041658949581
G[T>C]T,1.3262500654514564,1.3612345156118375
T[T>C]A,1.3119200869411767,2.22653434985488
T[T>C]C,0.8094812636487047,1.5597297641101655
T[T>C]G,0.8943415426967175,1.9288073032890998
T[T>C]T,1.953861558646961,1.8251046117933563
A[T>G]A,0.381944682232674,0.9485213820141518
A[T>G]C,0.07445749917216611,0.7853138617052264
A[T>G]G,0.4647013690188017,0.8208727195469089
A[T>G]T,0.12304355733604817,1.1347416185129304
C[T>G]A,0.1350962182200535,0.4433483026860104
C[T>G]C,0.0,1.773764567392939
C[T>G]G,0.21711434887248485,0.7249140445501978
C[T>G]T,0.5266088395183339,0.8115717235633663
G[T>G]A,0.2585301378585763,0.19208402148921908
G[T>G]C,0.15996380145310737,0.43714000149687027
G[T>G]G,0.1805305680477228,0.39680819121045047
G[T>G]T,0.5466903199849172,0.52504468509068
T[T>G]A,0.22572132870047382,1.0909540475206783
T[T>G]C,0.4423358577963373,1.3360460555924634
T[T>G]G,0.3453774793482787,0.7595854610433378
T[T>G]T,1.0873692336668783,2.466856349764364
